id,chatwoot_id,name,phone_number,identifier,created_at
03a0f946-13ba-4cdf-bcf2-9f434aff6ca6,124,Sales Tec,,120363424862064227@g.us,2026-02-02 17:00:38.951+00
080f8d44-60aa-444e-85bb-78fc2d4e2346,219,Sales Tec,,120363404507311621@g.us,2026-02-03 15:31:57.801+00
084d57ce-e833-43fb-88aa-a1b1e9ca18ba,166,Sales Tec,,120363421024933895@g.us,2026-02-02 20:53:00.811+00
08dc74f0-68b1-4f5a-8143-63c4f3807964,189,Sales Tec,,120363406051960058@g.us,2026-02-03 11:52:05.721+00
0937f018-6846-429a-bee3-9d3dd4b3be84,157,Sales Tec,+553299865272,553299865272@s.whatsapp.net,2026-02-02 20:05:35.881+00
0ae04284-083b-416f-969d-7a3f422e5083,1,Sales Tec,+123456,,2026-02-02 20:56:25.839+00
0c44d7f9-a6d8-4d7e-916e-732126c9e1db,37,Sales Tec,+553288371098,553288371098@s.whatsapp.net,2026-02-01 22:32:03.698+00
0ec63ace-3104-4d2f-b40b-98c2aa7c9104,186,Sales Tec,,120363228233214688@g.us,2026-02-03 11:51:10.372+00
11b56800-166e-4bdf-b564-7d9017d10a9a,246,Sales Tec,,120363233824162405@g.us,2026-02-03 19:51:22.278+00
11cd3806-fe49-4b53-a3b9-cd509c012be7,58,Sales Tec,,120363402804599455@g.us,2026-02-02 11:53:56.285+00
14493af6-80cd-4465-a469-c8ebdee014e2,128,Sales Tec,,120363425937014661@g.us,2026-02-02 17:14:54.366+00
14581477-5ed1-4623-895f-f62357865e23,22,Sales Tec,,,2026-02-01 14:26:12.86+00
174e20af-f707-4ff7-bcd1-67964db84445,191,Sales Tec,,120363405347195279@g.us,2026-02-03 11:52:37.887+00
192b229c-4b40-4dae-a208-b4269bc5914f,173,Sales Tec,+553299255686,553299255686@s.whatsapp.net,2026-02-02 22:11:48.704+00
1b97e5bd-d988-491f-be7b-4cb0ccf53d07,184,Sales Tec,,120363143020756189@g.us,2026-02-03 11:39:41.03+00
1c6e84da-2fc9-46d9-8b1f-85b53033cacf,51,Sales Tec,,120363401197843954@g.us,2026-02-02 11:04:36.876+00
2310bdd1-dee6-48e5-bdb4-bc569de0464c,141,Sales Tec,,120363406727233190@g.us,2026-02-02 18:16:06.246+00
257846e8-86ab-48e5-b8b8-ab3d18917da9,225,Sales Tec,,120363046268062524@g.us,2026-02-03 17:10:41.023+00
25a6c745-cccd-499f-bba3-860aae45dfdf,307,Fabio,+553299009727,553299009727@s.whatsapp.net,2026-02-08 14:03:41.34+00
261ec5ae-1f9a-456b-bc6e-1d4f975588a6,202,Sales Tec,,120363401882507148@g.us,2026-02-03 13:17:05.243+00
2a1cabe3-3344-43ce-bdda-e289ef5429c5,240,Sales Tec,,120363421157228764@g.us,2026-02-03 19:43:13.85+00
2a60874b-0344-45b4-8938-e5e5695d776d,88,Sales Tec,,120363202202295852@g.us,2026-02-02 13:55:56.595+00
2d3eef28-e18c-4a87-afa9-4446a49166dd,32,Sales Tec,,120363403740665303@g.us,2026-02-01 21:14:05.062+00
2f1570ca-8a9a-4de6-94f0-779a0cb03007,241,Sales Tec,,120363420745806852@g.us,2026-02-03 19:43:55.309+00
2f73f7d9-30c1-4e8d-9a9c-94958453ab35,190,Sales Tec,,120363420509267366@g.us,2026-02-03 11:52:22.463+00
31acc4c3-9344-464c-9d50-6e0a97afd3f0,64,Sales Tec,,120363408196519817@g.us,2026-02-02 12:09:07.91+00
32087f83-38ba-4c07-80c1-16c6f9749a89,42,Sales Tec,,120363425420374458@g.us,2026-02-02 00:59:39.042+00
335722f5-d4a5-4090-ba36-e505d26ec533,165,Sales Tec,,120363423046481241@g.us,2026-02-02 20:43:14.18+00
34687158-cb0e-4a83-99ae-64c43a36e4b6,264,Sales Tec,,,2026-02-05 00:19:40.569+00
384b0352-226b-4cdf-8701-70d55e3d3f4c,112,Sales Tec,+553288297425,553288297425@s.whatsapp.net,2026-02-02 16:02:25.229+00
3a43b683-737d-4201-8579-c549978c306c,5,Sales Tec,,,2026-02-01 14:02:44.014+00
3b46cbea-25c0-426f-89ab-9c8bf0d9a5e0,14,Sales Tec,,120363046523527268@g.us,2026-02-01 02:52:45.979+00
3c3d0fcf-74d1-402b-84f2-3fcf2c53267a,68,Sales Tec,,120363210987946603@g.us,2026-02-02 12:18:29.741+00
3eebdfdd-d4d2-4fa1-adb0-51b6113370ad,34,Sales Tec,,120363141188378601@g.us,2026-02-01 21:15:02.817+00
4047eb8a-c125-4b5d-9e0b-0b14f7f9d402,242,Sales Tec,,120363422202501461@g.us,2026-02-03 19:44:08.227+00
409a73a4-97b5-4642-a089-7dc0a6421e25,138,Sales Tec,,120363406364200230@g.us,2026-02-02 18:03:28.378+00
442892ac-a5c4-48e5-b1f1-eea7b80ca6e1,137,Sales Tec,,,2026-02-05 10:58:03.787+00
49d6fdad-9682-4be0-9066-e56950bf4f86,183,Sales Tec,,120363305551809664@g.us,2026-02-03 11:02:04.271+00
4e28fcd7-56a8-430c-9efd-e68520e3a2e3,49,Sales Tec,,120363265540445095@g.us,2026-02-02 10:59:13.016+00
4f6c1732-60a1-4da4-ba7b-df6a1ab53395,193,Sales Tec,,120363416947201211@g.us,2026-02-03 11:56:04.664+00
5404bb07-f293-41a7-83f3-5100c3b9eba2,206,Sales Tec,,120363422099545167@g.us,2026-02-03 13:56:57.567+00
5535e18d-6463-4037-b9b4-01ef0ac198a7,235,Sales Tec,+555196192531,555196192531@s.whatsapp.net,2026-02-03 18:38:26.878+00
5d14298e-da8b-462f-9635-865bb9022f9e,2,Sales Tec,,,2026-02-01 12:15:41.642+00
5e07f607-6e88-4de8-b2ec-82801f8522c6,169,Sales Tec,,120363418682940785@g.us,2026-02-02 21:20:10.462+00
61449f22-e773-4791-bcbf-32420362fe80,106,Sales Tec,,120363405030853696@g.us,2026-02-02 15:12:00.912+00
622fb786-a423-4982-a270-a4ac138c3bf3,45,Sales Tec,,120363401503699073@g.us,2026-02-02 10:03:09.273+00
62d39978-3a34-4482-bf72-3d7b64e06d6f,99,Sales Tec,,120363318497741649@g.us,2026-02-02 14:46:38.699+00
663e6e21-dd79-4103-9c8b-623035a52aa0,196,Sales Tec,,120363404921096072@g.us,2026-02-03 12:21:36.629+00
6839ab71-9d98-4150-b6c1-cbbe818d7974,55,Sales Tec,,,2026-02-02 11:47:48.006+00
69351729-6b2f-4390-b0bc-da17d31fb362,4,Sales Tec,,120363425284066460@g.us,2026-02-01 11:44:08.05+00
698dbb85-5331-4ac1-8c32-02d7d1ae77c9,91,Sales Tec,,120363420358033169@g.us,2026-02-02 14:10:43.078+00
69e2f3c8-62cd-4bae-acde-ee594ac2c163,139,Sales Tec,,120363420075438069@g.us,2026-02-02 18:06:45.908+00
7031c831-9e00-42a6-9588-74c8ab5f4945,40,Sales Tec,+5521991031216,5521991031216@s.whatsapp.net,2026-02-01 23:28:44.213+00
719037be-c189-4057-a8e1-e4edbdb26d1f,148,Sales Tec,,120363421748237977@g.us,2026-02-02 18:55:37.588+00
71af0b3c-0da1-4a1d-b774-10870d454062,70,Sales Tec,,120363423051690260@g.us,2026-02-02 12:19:59.699+00
726039ff-157e-4d24-89f1-1faad1fe510c,243,Sales Tec,,120363421026819773@g.us,2026-02-03 19:44:40.626+00
74525451-12a6-4dc2-8bf8-678cd2b2eece,24,Sales Tec,,120363403498938044@g.us,2026-02-01 15:48:07.785+00
75b67edd-2e5e-482d-9d10-50a304f02a52,228,Sales Tec,,120363424908260470@g.us,2026-02-03 17:25:27.345+00
787c67e3-5b94-44a0-9ffb-891fe5facd08,114,Sales Tec,,120363402889779764@g.us,2026-02-02 16:08:56.02+00
796c448b-36a9-4c75-b8af-55654ccd55dd,126,Sales Tec,,120363409344085297@g.us,2026-02-02 17:04:30.128+00
7a67edc5-3f55-48d5-9bdc-936ca7c489a3,195,Sales Tec,,120363423314620821@g.us,2026-02-03 11:59:26.979+00
7c1c37f6-6088-4c1b-87cb-9d74751e4882,221,Sales Tec,,,2026-02-03 16:12:17.967+00
7c4163d6-75a7-4a2e-a5c0-108029344454,226,Sales Tec,+553291204036,553291204036@s.whatsapp.net,2026-02-03 17:12:58.863+00
7e25aade-bf8c-4410-b6bc-7cfcaea8b5d0,164,Sales Tec,,120363404171048870@g.us,2026-02-02 20:37:08.237+00
7e5fe816-c8a5-485a-9add-b1989e0e108b,301,Sales Tec,,120363418375651629@g.us,2026-02-04 23:57:21.068+00
7fa0e598-f2f1-4ea4-846b-2464a795cb33,116,Sales Tec,,120363396403027775@g.us,2026-02-02 16:24:21.571+00
83156a8d-ed2a-4a8b-808c-9b1809ccd8b7,230,Sales Tec,+553288715560,553288715560@s.whatsapp.net,2026-02-03 17:52:39.856+00
871d826f-f6bb-4677-9dbc-8333d7bd3d01,66,Sales Tec,,120363419902395132@g.us,2026-02-02 12:17:54.59+00
89661ca8-7c4b-4915-b34d-87296d5e034d,78,Sales Tec,,120363399836261378@g.us,2026-02-02 12:51:13.242+00
89fdbddc-be25-4739-9935-577eb5025601,95,Sales Tec,,120363401744132806@g.us,2026-02-02 14:42:32.986+00
8a3183da-e4cb-4535-b836-76fddc86f5d6,197,Sales Tec,,120363400914016086@g.us,2026-02-03 12:43:29.643+00
8aae0ede-fa59-48f3-a8ce-282c313f0a31,127,Sales Tec,,120363420067677478@g.us,2026-02-02 17:11:57.738+00
8cc0dc62-f021-4444-8a7f-1604f884e057,18,Sales Tec,,,2026-02-01 10:35:29.033+00
8e71d609-271c-47dd-93f7-22ba8c252119,108,Sales Tec,,120363419179870593@g.us,2026-02-02 15:24:58.239+00
8f6a4eaf-0860-40b5-bc88-1ed99d145cff,117,Sales Tec,+5527992036005,5527992036005@s.whatsapp.net,2026-02-02 22:06:10.058+00
907e8953-20bc-46ac-af66-e3da66d52dfd,118,Sales Tec,,120363422822358428@g.us,2026-02-02 16:25:41.54+00
90b368c7-8ba1-46e4-9aa1-9014e8e60562,28,Sales Tec,,,2026-02-01 18:22:25.086+00
91a9165c-6ca5-4e70-a58d-94773213c1bb,134,Sales Tec,,120363301668061742@g.us,2026-02-02 19:31:31.072+00
9377fa09-e337-40bc-a83b-6b92229f2981,47,Sales Tec,,120363422119014315@g.us,2026-02-02 10:18:49.402+00
93edbce3-1097-4e2b-8e61-380161312456,253,Sales Tec,,120363420729939147@g.us,2026-02-03 20:53:52.607+00
95c0e5e0-da9d-4137-b87d-7315b90d60c0,237,Sales Tec,,120363422496628682@g.us,2026-02-03 18:57:29.959+00
98526441-6212-4867-89e1-b06d8f09a5d1,147,Sales Tec,,120363420671603687@g.us,2026-02-02 18:48:22.602+00
9934372a-04cd-4db8-b63f-6e502d0e47f3,170,Sales Tec,,,2026-02-02 21:54:52.207+00
9b294220-108e-431c-a3a3-d4534e2ce2c1,168,Sales Tec,,120363401030047256@g.us,2026-02-02 21:07:52.043+00
9cb1dd34-da65-43a2-bea3-69035ee335e8,257,Sales Tec,,,2026-02-03 21:08:34.314+00
9eeeb530-7dff-4dd4-ab20-45e99ad7029b,101,Sales Tec,,120363412703447457@g.us,2026-02-02 14:49:40.38+00
9f7db227-1037-4c19-bbef-b5f9d8424baa,120,Sales Tec,,120363405502181160@g.us,2026-02-02 16:26:41.352+00
a67f47f8-ddc0-4f7e-9beb-b8d232930082,110,Sales Tec,,,2026-02-03 17:02:04.017+00
a680198b-1d10-4ecb-af1a-4f593df0f298,122,Sales Tec,,120363424110851127@g.us,2026-02-02 16:34:32.855+00
a6dc7ba9-f277-4fb6-8884-40faaf8fe744,85,Sales Tec,,120363418452553816@g.us,2026-02-02 13:33:26.601+00
a7088afb-1aac-4994-bf8a-171fcfdab93d,210,Sales Tec,,120363404736019846@g.us,2026-02-03 14:14:51.385+00
a858f173-8911-46cf-bce9-a47d6d5dc0a4,6,Sales Tec,,553288069622-1500504723@g.us,2026-02-01 01:37:07.821+00
a9e7f77d-8d29-4644-8499-f7faf214d601,17,Sales Tec,,120363162324315330@g.us,2026-02-01 09:31:17.443+00
aa0a9e6c-91fd-48dd-9aa9-6b869130a723,31,Sales Tec,,,2026-02-02 14:54:43.71+00
abdf26d2-fe10-46d5-90b7-ab3603375389,132,Sales Tec,+553299071199,553299071199@s.whatsapp.net,2026-02-02 17:55:27.57+00
abf576b6-af57-4797-9675-321f1f152efd,73,Sales Tec,,120363396429613333@g.us,2026-02-02 12:23:17.432+00
ad00ca20-92f3-4c33-9927-c80211d48498,149,Sales Tec,,120363404821955014@g.us,2026-02-02 19:03:33.001+00
ae34b806-ac1e-4dcd-9aed-c7f9b21cd074,97,Sales Tec,,120363323441814938@g.us,2026-02-02 14:43:48.176+00
aee91e7c-6065-486a-a5bf-a447e7a62e1c,213,Sales Tec,,120363405754856445@g.us,2026-02-03 14:20:36.261+00
b08a15db-3cd6-4e5b-8714-659d8bded14c,156,Sales Tec,,120363404009710631@g.us,2026-02-02 19:52:23.564+00
b0eb4591-3d09-479d-a51c-ecd984e71a99,82,Sales Tec,,120363424412744259@g.us,2026-02-02 13:08:21.196+00
b14a064b-22c2-40fa-912b-18b50e04a288,239,Sales Tec,,120363394426530265@g.us,2026-02-03 19:36:58.167+00
b3a28767-894f-4d4c-84c7-f60d91e24ab1,181,Sales Tec,,120363421718854867@g.us,2026-02-03 10:51:13.471+00
b51a5545-f140-43f4-a285-0298c578f514,160,Sales Tec,,,2026-02-02 20:31:24.094+00
b7e72b22-ed08-4814-a0dc-3f7afd8ec847,188,Sales Tec,,120363422556636343@g.us,2026-02-03 11:51:15.192+00
b8010f1e-275f-4624-bb2a-dbfc9f54f625,179,Sales Tec,,120363425187127163@g.us,2026-02-03 10:09:56.716+00
b86420f0-ea63-4f87-ad9c-aa0560a6ec37,203,Sales Tec,,120363422587672165@g.us,2026-02-03 13:29:58.502+00
b931a676-0d10-417b-84ec-7420d2602e7b,250,Sales Tec,,553288412521-1626533421@g.us,2026-02-03 20:39:09.021+00
bad6b329-53eb-4c6f-adc1-8485eb81df2d,204,Sales Tec,,120363404765602198@g.us,2026-02-03 13:56:34.23+00
bb59a0f9-554c-437f-bb23-92fa81a9e0b0,255,Sales Tec,,120363424041032303@g.us,2026-02-03 20:55:49.382+00
c56c5a63-8931-4fb6-99ca-13f33c285262,162,Sales Tec,,120363404088710227@g.us,2026-02-02 20:34:57.971+00
c5ec6490-7c79-497a-b264-a78af34b776c,121,Sales Tec,,,2026-02-02 16:28:39.959+00
c81da7c7-a5c7-48e2-ad8e-974fdb2988e7,194,Sales Tec,,120363419605922276@g.us,2026-02-03 11:57:58.631+00
ca77757f-88c2-43dd-8ff3-f2f2746a8711,185,Sales Tec,,120363424064215186@g.us,2026-02-03 11:50:57.875+00
cca00219-ffd6-4c17-93ec-04ef1189cd82,306,Sales Tec,+5521967676067,5521967676067@s.whatsapp.net,2026-02-05 10:18:43.344+00
cd6f7d3c-b358-4616-9138-70659c93b3cd,192,Sales Tec,,120363416791512611@g.us,2026-02-03 11:53:33.938+00
d36ab341-2a4a-486a-a7d7-40aaef67591b,200,Sales Tec,,120363421869341326@g.us,2026-02-03 13:15:26.049+00
d82c7095-9eaa-440c-8e0e-60d051e0c538,154,Sales Tec,,120363418037638270@g.us,2026-02-02 19:32:02.442+00
df7df194-4ffa-4523-8089-1ad8e9d3bb3b,131,Sales Tec,,120363406510852341@g.us,2026-02-02 17:52:53.462+00
dfd2ad20-cf35-416f-b84e-9b04d21649cd,20,Sales Tec,,,2026-02-01 12:15:35.548+00
e06891e3-ee8e-428a-b448-9e1017c4e2e9,10,Sales Tec,+553288412521,553288412521@s.whatsapp.net,2026-02-01 15:07:13.443+00
e1e204b8-6af1-4cb6-85f5-b6ebf3f3b623,98,Sales Tec,,120363322099056212@g.us,2026-02-02 14:45:03.072+00
e1f1fbc8-800b-41ae-9363-1ff5c5f22ef2,54,Sales Tec,,120363401695516871@g.us,2026-02-02 11:37:32.582+00
e235fb72-ec26-4aa9-bbd5-e7b717778f91,69,Sales Tec,+554891510818,554891510818@s.whatsapp.net,2026-02-02 20:26:03.916+00
e2a70643-a5a2-4ae7-9235-be4da9e1dff9,52,Sales Tec,+553284598326,553284598326@s.whatsapp.net,2026-02-02 11:21:54.163+00
e4705a4e-d074-422a-8461-7d35d7fdbb2e,9,Sales Tec,+553299323847,553299323847@s.whatsapp.net,2026-02-01 02:47:27.627+00
e6325115-3da8-493f-86df-43448b5973a7,75,Sales Tec,,120363422641992115@g.us,2026-02-02 12:31:53.454+00
e6cf6b7e-6f52-4ef3-8b57-9713420eb02e,62,Sales Tec,,120363416045726486@g.us,2026-02-02 12:03:00.939+00
e6e0d8fe-232f-49d1-ae61-7c5c68e50036,234,Sales Tec,+5521973352844,5521973352844@s.whatsapp.net,2026-02-03 18:13:53.526+00
e7ef1e20-0cb4-4abe-801e-3e0b871a2ab3,167,Sales Tec,,120363420753201876@g.us,2026-02-02 20:55:59.4+00
eeae6434-baaf-4cb5-8c09-88a51e51bd3d,205,Sales Tec,,120363420530260712@g.us,2026-02-03 13:56:47.59+00
f18ce40e-8cc1-414b-b772-4ca818065057,60,Sales Tec,,120363314998645014@g.us,2026-02-02 11:58:53.859+00
f7014701-64ba-43aa-90d5-87354f89ca1b,7,Sales Tec,+552139555278,552139555278@s.whatsapp.net,2026-01-31 23:38:17.336+00
f955c04a-4fda-4efb-a23b-1918f55ce3d5,89,Sales Tec,,120363420306947318@g.us,2026-02-02 14:00:01.673+00
fc74dab8-fd57-41d7-acdc-a6f416729b97,104,Sales Tec,,120363410817862060@g.us,2026-02-02 14:57:17.83+00
ff7f7823-e9c0-4cfc-a618-12a7bd8e0e36,244,Sales Tec,,120363426018370068@g.us,2026-02-03 19:44:55.14+00
ffcdd8b9-d97b-4ea3-9997-f6508ff234b8,92,Sales Tec,,120363406375115471@g.us,2026-02-02 14:15:51.153+00